[
  {
    "id": "23c02045-fab0-4231-8434-c9950582a095",
    "data": [
      {
        "text": "document for taking admission",
        "userDefined": false
      }
    ],
    "isTemplate": false,
    "count": 0,
    "updated": 1517380260
  },
  {
    "id": "bf184f73-655a-4a4e-b7bb-7f7b293eecd4",
    "data": [
      {
        "text": "what we need to have document for admission",
        "userDefined": false
      }
    ],
    "isTemplate": false,
    "count": 0,
    "updated": 1517380260
  },
  {
    "id": "6bbaca08-5657-4cf7-8578-6fc21a8a480c",
    "data": [
      {
        "text": "admission document",
        "userDefined": false
      }
    ],
    "isTemplate": false,
    "count": 0,
    "updated": 1517380260
  },
  {
    "id": "267ac9c0-6158-4976-8e07-292d9c0a7bad",
    "data": [
      {
        "text": "documents for admission",
        "userDefined": false
      }
    ],
    "isTemplate": false,
    "count": 0,
    "updated": 1517380260
  },
  {
    "id": "e1bb5e48-029a-47c8-90dc-728ca44e9533",
    "data": [
      {
        "text": "what documents we need for admission",
        "userDefined": false
      }
    ],
    "isTemplate": false,
    "count": 0,
    "updated": 1517380260
  }
]