[
  {
    "id": "881d61a2-efa8-4dfd-9ec9-40d60c91e4da",
    "data": [
      {
        "text": "cost",
        "userDefined": false
      }
    ],
    "isTemplate": false,
    "count": 0
  },
  {
    "id": "20009d26-d0b2-407b-8118-d657ba325ced",
    "data": [
      {
        "text": "how much i have to pay in both",
        "userDefined": false
      }
    ],
    "isTemplate": false,
    "count": 0,
    "updated": 1517378908
  },
  {
    "id": "52635457-ddfa-434d-aaaf-50d0e3e340b8",
    "data": [
      {
        "text": "cost of program",
        "userDefined": false
      }
    ],
    "isTemplate": false,
    "count": 0,
    "updated": 1517378908
  },
  {
    "id": "08f7ef91-ed45-4e13-b621-d7f90e1de047",
    "data": [
      {
        "text": "program cost",
        "userDefined": false
      }
    ],
    "isTemplate": false,
    "count": 0,
    "updated": 1517378908
  },
  {
    "id": "6951a55b-cb1d-4b3a-b4d7-e8eba67d0256",
    "data": [
      {
        "text": "program fee",
        "userDefined": false
      }
    ],
    "isTemplate": false,
    "count": 0,
    "updated": 1517378908
  },
  {
    "id": "5e4cbad0-dc34-4522-9151-b280320699ca",
    "data": [
      {
        "text": "fee",
        "userDefined": false
      }
    ],
    "isTemplate": false,
    "count": 0,
    "updated": 1517378908
  },
  {
    "id": "dd44eb5d-942a-440c-828d-13f5c017ebd5",
    "data": [
      {
        "text": "fee of programs",
        "userDefined": false
      }
    ],
    "isTemplate": false,
    "count": 0,
    "updated": 1517378908
  },
  {
    "id": "22f274d1-d41c-4751-a1d7-5a13a2f07c72",
    "data": [
      {
        "text": "what are the fee of this two programs",
        "userDefined": false
      }
    ],
    "isTemplate": false,
    "count": 0,
    "updated": 1517378908
  },
  {
    "id": "0453fb8f-813f-4399-8874-56764cc0284c",
    "data": [
      {
        "text": "both fee",
        "userDefined": false
      }
    ],
    "isTemplate": false,
    "count": 0,
    "updated": 1517378908
  },
  {
    "id": "d75ce398-f62c-44f7-91fa-ecd351e76625",
    "data": [
      {
        "text": "Fee?",
        "userDefined": false
      }
    ],
    "isTemplate": false,
    "count": 0,
    "updated": 1517378908
  }
]