[
  {
    "id": "32a9dfef-1b42-4c26-841e-bcd869c8b4e4",
    "data": [
      {
        "text": "credit hour",
        "userDefined": false
      }
    ],
    "isTemplate": false,
    "count": 1,
    "updated": 1517379750
  },
  {
    "id": "44f95299-96a3-42ca-b3ae-1dc6dee6642e",
    "data": [
      {
        "text": "course per credit hours",
        "userDefined": false
      }
    ],
    "isTemplate": false,
    "count": 0,
    "updated": 1517379750
  },
  {
    "id": "765d1c60-f2d1-48ff-97cc-9bd93de3dac2",
    "data": [
      {
        "text": "credit hour per course",
        "userDefined": false
      }
    ],
    "isTemplate": false,
    "count": 0,
    "updated": 1517379750
  },
  {
    "id": "f882201d-ff17-4388-ae06-ccd0c8a658d1",
    "data": [
      {
        "text": "crdt hr in ",
        "userDefined": false
      },
      {
        "text": "one course",
        "alias": "address",
        "meta": "@sys.address",
        "userDefined": false
      }
    ],
    "isTemplate": false,
    "count": 0,
    "updated": 1517379750
  },
  {
    "id": "a76f1f16-3d90-409f-b4df-568733e6298e",
    "data": [
      {
        "text": "how many credit hour in ",
        "userDefined": false
      },
      {
        "text": "one course",
        "alias": "address",
        "meta": "@sys.address",
        "userDefined": false
      }
    ],
    "isTemplate": false,
    "count": 0,
    "updated": 1517379750
  }
]