[
  {
    "id": "046c85dd-848b-4367-88a7-bdb7a6bfd6e9",
    "data": [
      {
        "text": "CREDIT HR IN BOTH PROGRAM",
        "userDefined": false
      }
    ],
    "isTemplate": false,
    "count": 0,
    "updated": 1517379919
  },
  {
    "id": "c8620a8d-bfc2-499c-b5d5-3118501eb18a",
    "data": [
      {
        "text": "CREDIT HR IN BOTH",
        "userDefined": false
      }
    ],
    "isTemplate": false,
    "count": 0,
    "updated": 1517379919
  },
  {
    "id": "ff65564a-e0ad-47ba-a51d-968cb26832fc",
    "data": [
      {
        "text": "BSCS AND BBA TOTAL CREDIT HR",
        "userDefined": false
      }
    ],
    "isTemplate": false,
    "count": 0,
    "updated": 1517379919
  },
  {
    "id": "5a584206-d14c-4e5b-a53d-7bfb80b31d2a",
    "data": [
      {
        "text": "how many credit hr are in BBA and BSCS",
        "userDefined": false
      }
    ],
    "isTemplate": false,
    "count": 0,
    "updated": 1517379919
  }
]