[
  {
    "id": "4cdda54e-8d41-4c7b-a219-597ceb6254e3",
    "data": [
      {
        "text": "BBA cost",
        "userDefined": false
      }
    ],
    "isTemplate": false,
    "count": 0
  },
  {
    "id": "83dd3c0d-e331-45dc-8b4d-071adfc87735",
    "data": [
      {
        "text": "cost BBA",
        "userDefined": false
      }
    ],
    "isTemplate": false,
    "count": 0
  },
  {
    "id": "2516cc06-7ab7-4843-a3f7-3ed22c11a5f4",
    "data": [
      {
        "text": "how many you charge for BBA",
        "userDefined": false
      }
    ],
    "isTemplate": false,
    "count": 0,
    "updated": 1517378771
  },
  {
    "id": "b3a51c4c-7028-4326-a2d7-bb3580a5a8c4",
    "data": [
      {
        "text": "what is the fee of BBA",
        "userDefined": false
      }
    ],
    "isTemplate": false,
    "count": 0,
    "updated": 1517378771
  },
  {
    "id": "541b6479-f45d-456f-92e2-746b93b53e25",
    "data": [
      {
        "text": "BAA fee",
        "userDefined": false
      }
    ],
    "isTemplate": false,
    "count": 0,
    "updated": 1517378771
  },
  {
    "id": "8aec9507-a414-4440-b345-f7e4b4bb5e9b",
    "data": [
      {
        "text": "fee of BBA",
        "userDefined": false
      }
    ],
    "isTemplate": false,
    "count": 1,
    "updated": 1517378771
  }
]