[
  {
    "id": "56caba6f-3b35-4162-9b67-8c506c17d771",
    "data": [
      {
        "text": "can you tell me about fee structure",
        "userDefined": false
      }
    ],
    "isTemplate": false,
    "count": 0,
    "updated": 1517384114
  },
  {
    "id": "2c3aaeae-b6b6-4628-b831-a7e1b3d4ab4f",
    "data": [
      {
        "text": "what is the fee structure",
        "userDefined": false
      }
    ],
    "isTemplate": false,
    "count": 0,
    "updated": 1517384114
  },
  {
    "id": "4ace23f7-b89d-4fde-abc6-286a6b8fd8ff",
    "data": [
      {
        "text": "tell me about fee",
        "userDefined": false
      }
    ],
    "isTemplate": false,
    "count": 0,
    "updated": 1517384114
  },
  {
    "id": "f825f2dc-70ac-4ead-8790-02b9b72ae664",
    "data": [
      {
        "text": "how much i pay for a semster",
        "userDefined": false
      }
    ],
    "isTemplate": false,
    "count": 0,
    "updated": 1517384114
  }
]