[
  {
    "id": "1fdbe5db-4eab-466a-abb1-aca5b272a3e6",
    "data": [
      {
        "text": "cost bscs",
        "userDefined": false
      }
    ],
    "isTemplate": false,
    "count": 0
  },
  {
    "id": "042ffe64-c6cb-4d54-9f78-1a70ec0e5588",
    "data": [
      {
        "text": "cost of bscs",
        "userDefined": false
      }
    ],
    "isTemplate": false,
    "count": 0
  },
  {
    "id": "b2ba6c22-fdcc-4432-9bda-0031a7401676",
    "data": [
      {
        "text": "fee of BS",
        "userDefined": false
      }
    ],
    "isTemplate": false,
    "count": 0,
    "updated": 1517378650
  },
  {
    "id": "4ef722e1-a6a8-4a56-8626-e5947ffa149d",
    "data": [
      {
        "text": "fee of BS(CS)",
        "userDefined": false
      }
    ],
    "isTemplate": false,
    "count": 0,
    "updated": 1517378650
  },
  {
    "id": "e9658f7d-8e19-4e02-9324-3bbb6f1a2725",
    "data": [
      {
        "text": "what is the fee of BS(CS)",
        "userDefined": false
      }
    ],
    "isTemplate": false,
    "count": 0,
    "updated": 1517378650
  }
]