[
  {
    "id": "61a49baf-d6b5-45d6-8003-1a906fe5087d",
    "data": [
      {
        "text": "oh yes",
        "userDefined": false
      }
    ],
    "isTemplate": false,
    "count": 0,
    "updated": 1517383152
  },
  {
    "id": "5bc25262-cb65-437a-9ee0-773b3ddbc330",
    "data": [
      {
        "text": "umm okay",
        "userDefined": false
      }
    ],
    "isTemplate": false,
    "count": 0,
    "updated": 1517383152
  },
  {
    "id": "723176ba-1186-4192-978a-2d11085be2c9",
    "data": [
      {
        "text": "great",
        "userDefined": false
      }
    ],
    "isTemplate": false,
    "count": 0,
    "updated": 1517383152
  }
]