[
  {
    "id": "f691e7fe-e713-4a9c-b4c2-d1dc1c0e416b",
    "data": [
      {
        "text": "want information",
        "userDefined": false
      }
    ],
    "isTemplate": false,
    "count": 1,
    "updated": 1517378121
  },
  {
    "id": "2b9312ff-e1b5-4750-abc3-3b1eba93fb5f",
    "data": [
      {
        "text": "want info",
        "userDefined": false
      }
    ],
    "isTemplate": false,
    "count": 0,
    "updated": 1517378121
  },
  {
    "id": "7b03c7bb-6884-402f-a5b8-e21014db604a",
    "data": [
      {
        "text": "want help",
        "userDefined": false
      }
    ],
    "isTemplate": false,
    "count": 0,
    "updated": 1517378121
  },
  {
    "id": "ea563348-b279-4c4f-9e30-f75ab4eb2435",
    "data": [
      {
        "text": "i need information",
        "userDefined": false
      }
    ],
    "isTemplate": false,
    "count": 0,
    "updated": 1517378121
  },
  {
    "id": "0f009540-98bf-49d9-9368-c552559c8fce",
    "data": [
      {
        "text": "i need info",
        "userDefined": false
      }
    ],
    "isTemplate": false,
    "count": 0,
    "updated": 1517378121
  },
  {
    "id": "2f1183fd-2382-42b7-a74d-21570a4769bf",
    "data": [
      {
        "text": "can you please provide me some info",
        "userDefined": false
      }
    ],
    "isTemplate": false,
    "count": 1,
    "updated": 1517378121
  },
  {
    "id": "e3f04992-b0ee-43cf-a328-73088c103bd1",
    "data": [
      {
        "text": "help",
        "userDefined": false
      }
    ],
    "isTemplate": false,
    "count": 0,
    "updated": 1517378121
  },
  {
    "id": "ee45f4a1-324e-4067-96b3-82299650297f",
    "data": [
      {
        "text": "i want help",
        "userDefined": false
      }
    ],
    "isTemplate": false,
    "count": 0,
    "updated": 1517378121
  }
]