[
  {
    "id": "e1c82df4-8149-47d0-a165-59b190254b67",
    "data": [
      {
        "text": "??",
        "userDefined": false
      }
    ],
    "isTemplate": false,
    "count": 0,
    "updated": 1517380804
  },
  {
    "id": "385c337e-282e-4805-b6ee-cd005495b180",
    "data": [
      {
        "text": "there",
        "userDefined": false
      }
    ],
    "isTemplate": false,
    "count": 0,
    "updated": 1517380804
  },
  {
    "id": "d585706d-58dc-419d-9389-dcd04e43e28c",
    "data": [
      {
        "text": "anyone there",
        "userDefined": false
      }
    ],
    "isTemplate": false,
    "count": 0,
    "updated": 1517380804
  },
  {
    "id": "59a93a30-8ff1-4b2e-a933-d4c45db932bf",
    "data": [
      {
        "text": "hello",
        "userDefined": false
      }
    ],
    "isTemplate": false,
    "count": 0,
    "updated": 1517380804
  },
  {
    "id": "3051c139-e3e3-470a-afea-9e6b1dcc0849",
    "data": [
      {
        "text": "?",
        "userDefined": false
      }
    ],
    "isTemplate": false,
    "count": 0,
    "updated": 1517380804
  },
  {
    "id": "54058209-6127-416b-bc6b-9f48b423e521",
    "data": [
      {
        "text": "hey",
        "userDefined": false
      }
    ],
    "isTemplate": false,
    "count": 0,
    "updated": 1517380804
  },
  {
    "id": "0664e3df-41ab-4619-8bc2-9b2f377734a5",
    "data": [
      {
        "text": "hi",
        "userDefined": false
      }
    ],
    "isTemplate": false,
    "count": 0,
    "updated": 1517380804
  }
]