[
  {
    "id": "cb4bf0ee-912f-42e8-a339-7ef4f800cabb",
    "data": [
      {
        "text": "announcement of result interview",
        "userDefined": false
      }
    ],
    "isTemplate": false,
    "count": 0,
    "updated": 1517385003
  },
  {
    "id": "d6976ea8-372a-4ab6-bf02-b54820eae4d8",
    "data": [
      {
        "text": "result of interview",
        "userDefined": false
      }
    ],
    "isTemplate": false,
    "count": 0,
    "updated": 1517385003
  },
  {
    "id": "03ee48ed-094c-4263-81af-bc5b2f902102",
    "data": [
      {
        "text": "my id is this selected or not",
        "userDefined": false
      }
    ],
    "isTemplate": false,
    "count": 0,
    "updated": 1517385003
  },
  {
    "id": "451269ad-6ba4-4589-9afe-c4e717f7368a",
    "data": [
      {
        "text": "interview result",
        "userDefined": false
      }
    ],
    "isTemplate": false,
    "count": 0,
    "updated": 1517385003
  }
]