[
  {
    "id": "a7f12908-a499-4456-90a3-8f8e8c07eaa4",
    "data": [
      {
        "text": "your name",
        "userDefined": false
      }
    ],
    "isTemplate": false,
    "count": 0,
    "updated": 1517381721
  },
  {
    "id": "ad98f6f0-3bcf-498e-9401-b912990e662e",
    "data": [
      {
        "text": "who are you",
        "userDefined": false
      }
    ],
    "isTemplate": false,
    "count": 0,
    "updated": 1517381721
  },
  {
    "id": "78e67b63-f90d-4420-927c-a03bc90a2495",
    "data": [
      {
        "text": "your name",
        "userDefined": false
      }
    ],
    "isTemplate": false,
    "count": 0,
    "updated": 1517381721
  },
  {
    "id": "b02ad239-977d-4355-9e02-c78eb939e0ce",
    "data": [
      {
        "text": "name?",
        "userDefined": false
      }
    ],
    "isTemplate": false,
    "count": 0,
    "updated": 1517381721
  },
  {
    "id": "9d5d6391-21da-412d-90e0-e88391ab9252",
    "data": [
      {
        "text": "what is your name",
        "userDefined": false
      }
    ],
    "isTemplate": false,
    "count": 0,
    "updated": 1517381721
  }
]