[
  {
    "id": "e5e353e7-9cc1-43be-be4f-500e695f4cca",
    "data": [
      {
        "text": "noooo",
        "userDefined": false
      }
    ],
    "isTemplate": false,
    "count": 0,
    "updated": 1517383340
  },
  {
    "id": "bb5d0a5f-078a-4b48-ac26-c29374f012a9",
    "data": [
      {
        "text": "ni",
        "alias": "given-name",
        "meta": "@sys.given-name",
        "userDefined": false
      }
    ],
    "isTemplate": false,
    "count": 0,
    "updated": 1517383340
  },
  {
    "id": "c59c54d0-6c05-468f-baf7-f0118ffe7c6d",
    "data": [
      {
        "text": "nahh",
        "userDefined": false
      }
    ],
    "isTemplate": false,
    "count": 0,
    "updated": 1517383340
  },
  {
    "id": "2ad12727-0be9-4962-9c90-4840edbd6c97",
    "data": [
      {
        "text": "nonah",
        "userDefined": false
      }
    ],
    "isTemplate": false,
    "count": 0,
    "updated": 1517383340
  }
]