[
  {
    "id": "f992352f-c7d9-4a5d-b402-bc52aaf9557c",
    "data": [
      {
        "text": "eligible percentage",
        "userDefined": false
      }
    ],
    "isTemplate": false,
    "count": 0,
    "updated": 1517380437
  },
  {
    "id": "32d98f99-a01d-4862-80c4-5dfb1c6dcc54",
    "data": [
      {
        "text": "programs admission percentage",
        "userDefined": false
      }
    ],
    "isTemplate": false,
    "count": 0,
    "updated": 1517380437
  },
  {
    "id": "8805ede1-7d25-41d0-b5fe-b7c9653c0ab5",
    "data": [
      {
        "text": "what percentage we want to take admission in both programs",
        "userDefined": false
      }
    ],
    "isTemplate": false,
    "count": 0,
    "updated": 1517380437
  },
  {
    "id": "6c3b2ae5-f883-4817-b2f8-46756612004d",
    "data": [
      {
        "text": "both programs eligible percentage",
        "userDefined": false
      }
    ],
    "isTemplate": false,
    "count": 0,
    "updated": 1517380437
  },
  {
    "id": "eed1d704-d8ba-4e28-911e-667a4d869745",
    "data": [
      {
        "text": "percentage for programs",
        "userDefined": false
      }
    ],
    "isTemplate": false,
    "count": 0,
    "updated": 1517380437
  },
  {
    "id": "8fec7872-7ad2-4fff-bdf8-a624bcdb5d15",
    "data": [
      {
        "text": "percentage eligible for programs",
        "userDefined": false
      }
    ],
    "isTemplate": false,
    "count": 0,
    "updated": 1517380437
  }
]