[
  {
    "id": "31647398-23ad-47ea-a68f-9c23b40e7383",
    "data": [
      {
        "text": "give information about programs",
        "userDefined": false
      }
    ],
    "isTemplate": false,
    "count": 0,
    "updated": 1517378432
  },
  {
    "id": "8dcaeb90-2e2b-497f-a526-b37ebb145841",
    "data": [
      {
        "text": "give info about programs",
        "userDefined": false
      }
    ],
    "isTemplate": false,
    "count": 0,
    "updated": 1517378432
  },
  {
    "id": "1975fb4a-2e77-44ad-acc9-db6e398941b1",
    "data": [
      {
        "text": "how many programs you have",
        "userDefined": false
      }
    ],
    "isTemplate": false,
    "count": 0,
    "updated": 1517378432
  },
  {
    "id": "c0b7b0c9-ad76-4d17-97bc-a97c964944ad",
    "data": [
      {
        "text": "tell me about programs",
        "userDefined": false
      }
    ],
    "isTemplate": false,
    "count": 0,
    "updated": 1517378432
  },
  {
    "id": "62f7b9be-697a-4fc6-b821-5f44915c059e",
    "data": [
      {
        "text": "programs",
        "userDefined": false
      }
    ],
    "isTemplate": false,
    "count": 0,
    "updated": 1517378432
  },
  {
    "id": "4646132b-a941-4bf9-8982-b37988501852",
    "data": [
      {
        "text": "i want to know about programs",
        "userDefined": false
      }
    ],
    "isTemplate": false,
    "count": 0,
    "updated": 1517378432
  },
  {
    "id": "28b157bf-091b-402a-97a6-f11e68121db2",
    "data": [
      {
        "text": "what type of programs you offer",
        "userDefined": false
      }
    ],
    "isTemplate": false,
    "count": 0,
    "updated": 1517378432
  },
  {
    "id": "a0bfc76b-39bc-4bea-95ed-a678f63065c9",
    "data": [
      {
        "text": "tell me what programs you offer",
        "userDefined": false
      }
    ],
    "isTemplate": false,
    "count": 0,
    "updated": 1517378432
  },
  {
    "id": "44cb2175-416e-4626-8019-890852dfc135",
    "data": [
      {
        "text": "tell me about your programs",
        "userDefined": false
      }
    ],
    "isTemplate": false,
    "count": 0,
    "updated": 1517378432
  }
]