[
  {
    "id": "f63f88b6-996b-4c21-b5d2-9be5d4db212f",
    "data": [
      {
        "text": "result announcment",
        "userDefined": false
      }
    ],
    "isTemplate": false,
    "count": 0,
    "updated": 1517384818
  },
  {
    "id": "3156f42e-ba41-4a66-9d9c-1de947d7c16b",
    "data": [
      {
        "text": "when the result announcement",
        "userDefined": false
      }
    ],
    "isTemplate": false,
    "count": 0,
    "updated": 1517384818
  },
  {
    "id": "32ee1145-eafe-4b40-9dcf-2392e1d97f46",
    "data": [
      {
        "text": "result date",
        "userDefined": false
      }
    ],
    "isTemplate": false,
    "count": 0,
    "updated": 1517384818
  },
  {
    "id": "f5e998e3-ef76-4dcd-b85c-a0ec552bd9ec",
    "data": [
      {
        "text": "result",
        "userDefined": false
      }
    ],
    "isTemplate": false,
    "count": 0,
    "updated": 1517384818
  }
]