[
  {
    "id": "d2cec773-3096-4d7e-bbb6-47849d285407",
    "data": [
      {
        "text": "ok",
        "userDefined": false
      }
    ],
    "isTemplate": false,
    "count": 0
  },
  {
    "id": "113ff53d-6518-46c4-929c-94abebcb60c5",
    "data": [
      {
        "text": "ty",
        "userDefined": false
      }
    ],
    "isTemplate": false,
    "count": 0
  },
  {
    "id": "92bf4a36-8840-45d1-bc10-457c40db8df7",
    "data": [
      {
        "text": "thanks for giving info",
        "userDefined": false
      }
    ],
    "isTemplate": false,
    "count": 0,
    "updated": 1517380570
  },
  {
    "id": "3656b9e3-ac26-4313-b854-2d4ef5cdce2b",
    "data": [
      {
        "text": "thanks for helping",
        "userDefined": false
      }
    ],
    "isTemplate": false,
    "count": 0,
    "updated": 1517380570
  },
  {
    "id": "8c602b44-3b51-42a9-b05f-f55cb676b556",
    "data": [
      {
        "text": "thanks",
        "userDefined": false
      }
    ],
    "isTemplate": false,
    "count": 0,
    "updated": 1517380570
  },
  {
    "id": "b04d9830-0e9d-497c-ae53-a5e45a0ab319",
    "data": [
      {
        "text": "thank-you",
        "userDefined": false
      }
    ],
    "isTemplate": false,
    "count": 0,
    "updated": 1517380570
  },
  {
    "id": "3751021a-0bd7-480e-9946-449a3b12e1ec",
    "data": [
      {
        "text": "thankyou",
        "userDefined": false
      }
    ],
    "isTemplate": false,
    "count": 0,
    "updated": 1517380570
  },
  {
    "id": "6745735a-fae0-42a2-be71-d82162b902d9",
    "data": [
      {
        "text": "tythnkyou",
        "userDefined": false
      }
    ],
    "isTemplate": false,
    "count": 0,
    "updated": 1517380570
  }
]