[
  {
    "id": "c00514d7-8143-4864-8e2b-401e9d8b3709",
    "data": [
      {
        "text": "when are going to take admission",
        "userDefined": false
      }
    ],
    "isTemplate": false,
    "count": 0,
    "updated": 1517382923
  },
  {
    "id": "9bfca91f-4bbf-4810-bc31-d60b60fac5d3",
    "data": [
      {
        "text": "tell me about admission",
        "userDefined": false
      }
    ],
    "isTemplate": false,
    "count": 0,
    "updated": 1517382923
  },
  {
    "id": "2e67496b-e870-4c46-a5de-ad71365ebdb4",
    "data": [
      {
        "text": "want to know about admission",
        "userDefined": false
      }
    ],
    "isTemplate": false,
    "count": 0,
    "updated": 1517382923
  }
]