[
  {
    "id": "69153d01-d59e-4b0c-889b-4a95df54d0c2",
    "data": [
      {
        "text": "when will be the interview",
        "userDefined": false
      }
    ],
    "isTemplate": false,
    "count": 0,
    "updated": 1517384585
  },
  {
    "id": "7c5dd02d-9432-4e85-a22a-c6c6327972ff",
    "data": [
      {
        "text": "date of interview",
        "userDefined": false
      }
    ],
    "isTemplate": false,
    "count": 0,
    "updated": 1517384585
  },
  {
    "id": "66acf3e8-3151-40a5-bfe1-78c3a3cea752",
    "data": [
      {
        "text": "interview date",
        "userDefined": false
      }
    ],
    "isTemplate": false,
    "count": 0,
    "updated": 1517384585
  }
]